id;name;description
1;infomediaries Thailand Electronics;../fake-data/blob/hipster.txt
2;Buckinghamshire;../fake-data/blob/hipster.txt
3;Planner heuristic Inverse;../fake-data/blob/hipster.txt
4;Ergonomic Forint Texas;../fake-data/blob/hipster.txt
5;connect Berkshire;../fake-data/blob/hipster.txt
6;Money Market Account mesh;../fake-data/blob/hipster.txt
7;Avon;../fake-data/blob/hipster.txt
8;lavender Communications;../fake-data/blob/hipster.txt
9;Fish;../fake-data/blob/hipster.txt
10;maroon;../fake-data/blob/hipster.txt
